,Early (hour 1-6),Mid (hour 7-24),Late (hour 25+)
HospAdmTime,0.25679084738810387,0.246473998996653,0.24387901748960636
Temp_max6h,0.18802623828744155,0.22115796467124113,0.2289097335069918
Unit2,0.16592427910127167,0.17611520581623002,0.16893009253539118
WBC_max6h,0.10054262686766806,0.10040980851775788,0.10154524449853577
BUN_max6h,0.07283745822702734,0.07919180278577312,0.08900802232349483
Resp_mean12h,0.07352621739906463,0.07717537289237066,0.07994330647141208
HR_max6h,0.06941073598658672,0.0778487241607761,0.07666256890311766
FiO2_min6h,0.05275571660104255,0.06689578764847563,0.06906945432992188
Calcium_min6h,0.061191836947715454,0.060837952219055726,0.055578165608479155
SaO2_max6h,0.06146258991148865,0.05593367347313741,0.05293125408226432
